{"stats":{"minecraft:custom":{"minecraft:jump":4,"minecraft:time_since_rest":1558,"minecraft:leave_game":1,"minecraft:walk_on_water_one_cm":238,"minecraft:sprint_one_cm":399,"minecraft:play_time":1558,"minecraft:time_since_death":1558,"minecraft:walk_one_cm":930,"minecraft:sneak_time":259,"minecraft:total_world_time":1558,"minecraft:walk_under_water_one_cm":343,"minecraft:fly_one_cm":46784},"minecraft:picked_up":{"minecraft:spruce_log":1},"minecraft:mined":{"minecraft:spruce_leaves":3,"minecraft:spruce_log":1},"minecraft:used":{"minecraft:spruce_log":1}},"DataVersion":3700}