{
  "minecraft:recipes/building_blocks/spruce_planks": {
    "criteria": {
      "has_logs": "2024-06-09 23:15:12 +0000"
    },
    "done": true
  },
  "minecraft:recipes/misc/charcoal": {
    "criteria": {
      "has_log": "2024-06-09 23:15:12 +0000"
    },
    "done": true
  },
  "minecraft:recipes/decorations/crafting_table": {
    "criteria": {
      "unlock_right_away": "2024-06-09 23:14:59 +0000"
    },
    "done": true
  },
  "minecraft:recipes/building_blocks/spruce_wood": {
    "criteria": {
      "has_log": "2024-06-09 23:15:12 +0000"
    },
    "done": true
  },
  "minecraft:adventure/adventuring_time": {
    "criteria": {
      "minecraft:beach": "2024-06-09 23:15:58 +0000",
      "minecraft:old_growth_pine_taiga": "2024-06-09 23:15:56 +0000",
      "minecraft:taiga": "2024-06-09 23:15:00 +0000",
      "minecraft:lush_caves": "2024-06-09 23:15:59 +0000"
    },
    "done": false
  },
  "DataVersion": 3700
}